{
  "three": 385.23578727054183,
  "two": 19.36286935626562,
  "two_open": 25.0,
  "one_potential": 3.0,
  "opp_three": -310.0968809110213,
  "opp_two": -33.10544688654613,
  "opp_two_open": -37.734381300369904,
  "center": 17.239941733519903,
  "center_adjacent": 6.101660828855231,
  "bottom_row": 5.083868550668014,
  "height_penalty": -2.0045044772980924,
  "double_threat": 304.70104735001144,
  "blocked_three": -10.0,
  "trap_setup": 54.57741295847619,
  "mobility": 2.522330505466562,
  "threat_count": 15.104627651479634,
  "opp_threat_count": -20.0,
  "edge_penalty": -1.434365126991584
}