{
  "three": 390.8148615514292,
  "two": 19.586791824082407,
  "twoOpen": 25.0,
  "onePotential": 3.0,
  "oppThree": -123.41843443200001,
  "oppTwo": -20.340626047999997,
  "oppTwoOpen": -35.0,
  "center": 17.102942081730838,
  "centerAdjacent": 3.043218,
  "bottomRow": 4.035279999999999,
  "heightPenalty": -2.0172871999999997,
  "doubleThreat": 81.15247999999998,
  "blockedThree": -10.0,
  "trapSetup": 40.0,
  "mobility": 2.5234482334071364,
  "threatCount": 15.0,
  "oppThreatCount": -20.0,
  "edgePenalty": -1.014406
}